tile_id,Feature ID,avg_decel,count_decel,geometry
23608577,urn:here::here:signs:1622369126135402107,-3.2526178010471205,1528,POINT (1113718.109539464 7078935.95086515)
23608578,urn:here::here:signs:1622369191769486075,-4.7253195326589825,25506,POINT (1104769.1356745928 7093859.866673328)
23608580,urn:here::here:signs:1622369329463060943,-5.372411330635563,8402,POINT (1123333.887154187 7077118.291816382)
23608592,urn:here::here:signs:1622370100585006459,-4.410592459605027,5570,POINT (1136107.7987227153 7071213.306379684)
23612004,urn:here::here:signs:1622604560811073713,-4.5405578711125365,3119,POINT (1351665.7474999023 6375892.645170848)
23612006,urn:here::here:signs:1622604707805324026,-5.627471383975026,1922,POINT (1352138.8553357737 6394563.2103564525)
23612035,urn:here::here:signs:1622606714195163288,-4.493356953055802,1129,POINT (1270303.4448740063 6449662.24526558)
